{
  "n_tracks": 200,
  "n_tags": 144,
  "tag_means": [
    0.1793995350599289,
    0.24273040890693665,
    -0.1184956282377243,
    -0.1472434550523758,
    -0.152236208319664,
    0.11888238787651062,
    0.05098605528473854,
    0.25953397154808044,
    -0.05709942802786827,
    0.10028555244207382,
    0.04062281548976898,
    0.059454213827848434,
    -0.025825858116149902,
    -0.01474674791097641,
    0.1261771321296692,
    0.2246573269367218,
    0.18909259140491486,
    0.2303769737482071,
    -0.11486776173114777,
    0.006347175687551498,
    -0.018478874117136,
    0.08073030412197113,
    0.06678236275911331,
    0.02203911356627941,
    0.20883429050445557,
    0.005336564965546131,
    -0.04075309634208679,
    0.005952253472059965,
    0.24792145192623138,
    0.21871748566627502,
    0.00016974686877802014,
    0.14686520397663116,
    -0.07863489538431168,
    0.08441544324159622,
    0.2111244946718216,
    0.04810631647706032,
    0.04762249439954758,
    0.23930908739566803,
    -0.03285367786884308,
    0.04983433708548546,
    0.21403953433036804,
    -0.012343945913016796,
    0.21489547193050385,
    0.20108075439929962,
    0.006720440462231636,
    -0.011268198490142822,
    0.26829230785369873,
    0.040222153067588806,
    0.14064651727676392,
    0.11368480324745178,
    -0.0028165054973214865,
    -0.15817007422447205,
    0.24849174916744232,
    -0.038124654442071915,
    0.1644463688135147,
    0.13586169481277466,
    0.16094474494457245,
    0.223500058054924,
    0.13328664004802704,
    0.09575588256120682,
    0.19886474311351776,
    0.17078319191932678,
    0.1185469925403595,
    -0.02762855775654316,
    0.3187176585197449,
    0.034455083310604095,
    0.21746549010276794,
    0.29455897212028503,
    -0.012412795796990395,
    0.022504443302750587,
    0.3056126832962036,
    0.1263904720544815,
    0.07028548419475555,
    0.09172918647527695,
    0.005554993636906147,
    -0.04274334758520126,
    -0.05163316801190376,
    0.310175359249115,
    0.06638820469379425,
    0.2826533615589142,
    0.027214551344513893,
    0.044476814568042755,
    -0.04606155306100845,
    0.15456193685531616,
    0.33307671546936035,
    0.02811092883348465,
    0.20943064987659454,
    0.21350978314876556,
    0.24579669535160065,
    0.12009742856025696,
    0.2749592959880829,
    0.11229270696640015,
    0.20776858925819397,
    0.07791534066200256,
    -0.09105047583580017,
    0.2222169041633606,
    -0.0005217981524765491,
    -0.08464397490024567,
    0.2823815941810608,
    0.14366669952869415,
    0.049630776047706604,
    0.02868608944118023,
    -0.015312278643250465,
    -0.018545089289546013,
    0.20355327427387238,
    0.05159027501940727,
    0.05285746231675148,
    0.07443202286958694,
    0.23027338087558746,
    0.3183627724647522,
    0.0798097625374794,
    0.22817005217075348,
    0.232553631067276,
    0.019338734447956085,
    0.14426900446414948,
    0.08511337637901306,
    0.21085846424102783,
    0.23279231786727905,
    0.15983596444129944,
    0.20058707892894745,
    0.22052180767059326,
    0.2052457481622696,
    0.18766555190086365,
    0.18012802302837372,
    0.2157696783542633,
    0.1572084128856659,
    0.01404737588018179,
    0.09870839864015579,
    0.2656126320362091,
    0.12949037551879883,
    0.10747943818569183,
    0.17484313249588013,
    0.18229880928993225,
    0.22121697664260864,
    0.24781185388565063,
    0.1756468415260315,
    0.20063316822052002,
    0.11765898764133453,
    0.08474177122116089,
    0.3451204001903534,
    0.22285491228103638,
    0.23783330619335175,
    0.24152764678001404,
    0.315128356218338
  ],
  "tag_stds": [
    0.04379291832447052,
    0.034272339195013046,
    0.07940147072076797,
    0.08066130429506302,
    0.11155024915933609,
    0.11677981168031693,
    0.06746000796556473,
    0.09195895493030548,
    0.0698322057723999,
    0.20789793133735657,
    0.087999626994133,
    0.0739978700876236,
    0.10991229116916656,
    0.05974907428026199,
    0.07068918645381927,
    0.09677646309137344,
    0.13346824049949646,
    0.16464175283908844,
    0.05419361963868141,
    0.05797719210386276,
    0.12472938746213913,
    0.16922655701637268,
    0.051771458238363266,
    0.058106157928705215,
    0.09382788836956024,
    0.08059941232204437,
    0.10546570271253586,
    0.1039658635854721,
    0.061868079006671906,
    0.048896852880716324,
    0.15570096671581268,
    0.09012044221162796,
    0.06496866047382355,
    0.06832041591405869,
    0.07478505373001099,
    0.09925548732280731,
    0.11924142390489578,
    0.08783578127622604,
    0.07350984960794449,
    0.08870362490415573,
    0.14523327350616455,
    0.11394171416759491,
    0.1459181159734726,
    0.027944589033722878,
    0.0998229831457138,
    0.07412225008010864,
    0.14701047539710999,
    0.11489123106002808,
    0.18994836509227753,
    0.1081961989402771,
    0.09201927483081818,
    0.07225285470485687,
    0.03365115076303482,
    0.037662651389837265,
    0.09019018709659576,
    0.0484674833714962,
    0.07580737769603729,
    0.07389416545629501,
    0.14573560655117035,
    0.13536696135997772,
    0.18772079050540924,
    0.1459195762872696,
    0.09573540091514587,
    0.13909456133842468,
    0.1360844522714615,
    0.13894495368003845,
    0.03402994945645332,
    0.11434720456600189,
    0.05060374736785889,
    0.06972002238035202,
    0.12241416424512863,
    0.10159392654895782,
    0.06117813289165497,
    0.07813926786184311,
    0.10885637998580933,
    0.10104621946811676,
    0.06349871307611465,
    0.04093398153781891,
    0.06347806006669998,
    0.16160070896148682,
    0.051831021904945374,
    0.07133497297763824,
    0.11482557654380798,
    0.08697640895843506,
    0.16170968115329742,
    0.07173173129558563,
    0.11201011389493942,
    0.072075754404068,
    0.027864132076501846,
    0.08184923231601715,
    0.18270272016525269,
    0.12866446375846863,
    0.08507387340068817,
    0.07307706028223038,
    0.052496813237667084,
    0.07090754061937332,
    0.08982186019420624,
    0.08487220853567123,
    0.08453209698200226,
    0.03617674857378006,
    0.09981466829776764,
    0.08569376915693283,
    0.08443614095449448,
    0.05460020899772644,
    0.1415868103504181,
    0.05955655127763748,
    0.10275052487850189,
    0.11367674171924591,
    0.04123355448246002,
    0.13278073072433472,
    0.07805947214365005,
    0.13956594467163086,
    0.09298428893089294,
    0.06667183339595795,
    0.045571036636829376,
    0.11906111985445023,
    0.10919938236474991,
    0.07136906683444977,
    0.05229244381189346,
    0.09595707058906555,
    0.1280466914176941,
    0.07550644129514694,
    0.08224561810493469,
    0.09585285931825638,
    0.046453554183244705,
    0.03688642755150795,
    0.06521711498498917,
    0.12092167139053345,
    0.046866629272699356,
    0.13060197234153748,
    0.19850894808769226,
    0.06986615061759949,
    0.07539039850234985,
    0.031866397708654404,
    0.06572084128856659,
    0.05442574620246887,
    0.04771965742111206,
    0.13135288655757904,
    0.06784997880458832,
    0.1011335700750351,
    0.16239359974861145,
    0.08493360877037048,
    0.101512610912323,
    0.13817478716373444
  ],