{
  "n_tracks": 199,
  "n_tags": 144,
  "tag_means": [
    0.17869901657104492,
    0.2423754334449768,
    -0.11980882287025452,
    -0.14847144484519958,
    -0.15344126522541046,
    0.11762889474630356,
    0.04965060576796532,
    0.25917062163352966,
    -0.058099713176488876,
    0.10130062699317932,
    0.039831843227148056,
    0.05840960517525673,
    -0.027505865320563316,
    -0.015367656946182251,
    0.12621177732944489,
    0.22428186237812042,
    0.1891261339187622,
    0.22989031672477722,
    -0.1159016340970993,
    0.0059576621279120445,
    -0.019942469894886017,
    0.08095554262399673,
    0.06647588312625885,
    0.021660635247826576,
    0.20835328102111816,
    0.005044222343713045,
    -0.04060795158147812,
    0.006363911088556051,
    0.24728573858737946,
    0.21822281181812286,
    0.0006891135708428919,
    0.14615373313426971,
    -0.07889820635318756,
    0.08424756675958633,
    0.21061831712722778,
    0.04753483831882477,
    0.04755685478448868,
    0.23867939412593842,
    -0.03424543887376785,
    0.04990208521485329,
    0.2134568691253662,
    -0.012104826048016548,
    0.21418406069278717,
    0.20082353055477142,
    0.006542349699884653,
    -0.01190135907381773,
    0.2676885426044464,
    0.038439832627773285,
    0.141367107629776,
    0.11291223764419556,
    -0.0033521545119583607,
    -0.1592838317155838,
    0.24815909564495087,
    -0.038314275443553925,
    0.1633482128381729,
    0.135465607047081,
    0.16090284287929535,
    0.2228357195854187,
    0.13192018866539001,
    0.09536043554544449,
    0.19796505570411682,
    0.1698310375213623,
    0.11848662793636322,
    -0.02840069681406021,
    0.3172720968723297,
    0.03313753381371498,
    0.21709764003753662,
    0.2938462197780609,
    -0.01264669094234705,
    0.022695371881127357,
    0.3043684959411621,
    0.1256687343120575,
    0.0694318488240242,
    0.09161914885044098,
    0.004694332368671894,
    -0.043148793280124664,
    -0.05207493156194687,
    0.3096565306186676,
    0.06649697571992874,
    0.2812320590019226,
    0.026899399235844612,
    0.044451408088207245,
    -0.04554654285311699,
    0.1543959081172943,
    0.3316119313240051,
    0.02797320857644081,
    0.2078896164894104,
    0.21340835094451904,
    0.24555589258670807,
    0.12028603255748749,
    0.2734585106372833,
    0.11253570020198822,
    0.207582026720047,
    0.07730461657047272,
    -0.09184350073337555,
    0.2217302769422531,
    -0.001439449144527316,
    -0.08484245091676712,
    0.28193399310112,
    0.14342175424098969,
    0.04968493804335594,
    0.02858615294098854,
    -0.015183846466243267,
    -0.019236862659454346,
    0.2024008184671402,
    0.0515538714826107,
    0.0521671362221241,
    0.0737166702747345,
    0.23029212653636932,
    0.3186508119106293,
    0.07924362272024155,
    0.22849047183990479,
    0.2319253385066986,
    0.0189090296626091,
    0.14428363740444183,
    0.08502105623483658,
    0.21048909425735474,
    0.23275825381278992,
    0.15934103727340698,
    0.20087988674640656,
    0.22062203288078308,
    0.20494282245635986,
    0.1869068443775177,
    0.17994122207164764,
    0.21576659381389618,
    0.15744352340698242,
    0.013671890832483768,
    0.09810665249824524,
    0.265278697013855,
    0.12994039058685303,
    0.10844927281141281,
    0.17487289011478424,
    0.18228164315223694,
    0.22106465697288513,
    0.24723586440086365,
    0.17531456053256989,
    0.20022889971733093,
    0.11788251250982285,
    0.0848652645945549,
    0.3442387282848358,
    0.22167029976844788,
    0.23679909110069275,
    0.2410161942243576,
    0.31374529004096985
  ],
  "tag_stds": [
    0.04277053475379944,
    0.03398960828781128,
    0.07740399986505508,
    0.07897689193487167,
    0.1105239987373352,
    0.11572296172380447,
    0.06493871659040451,
    0.09204639494419098,
    0.0685633197426796,
    0.20792467892169952,
    0.0875084176659584,
    0.0726977214217186,
    0.10759615898132324,
    0.05925188586115837,
    0.07086488604545593,
    0.09687390923500061,
    0.13380232453346252,
    0.16491135954856873,
    0.052325304597616196,
    0.05786105617880821,
    0.12331738322973251,
    0.1696213185787201,
    0.05172007530927658,
    0.058005549013614655,
    0.09381706267595291,
    0.08069583773612976,
    0.10571043193340302,
    0.10406403988599777,
    0.06136826053261757,
    0.048517856746912,
    0.15591877698898315,
    0.08978457748889923,
    0.06502516567707062,
    0.0684506967663765,
    0.07463019341230392,
    0.09917580336332321,
    0.11953705549240112,
    0.08760476857423782,
    0.07101725786924362,
    0.08892106264829636,
    0.14536435902118683,
    0.11417757719755173,
    0.14593790471553802,
    0.02777755632996559,
    0.10004177689552307,
    0.0737667828798294,
    0.14713184535503387,
    0.11238768696784973,
    0.1901521533727646,
    0.10791603475809097,
    0.09193863719701767,
    0.07070085406303406,
    0.03340602666139603,
    0.03766181319952011,
    0.08907275646924973,
    0.04826512932777405,
    0.0759952962398529,
    0.07348142564296722,
    0.14481768012046814,
    0.13559137284755707,
    0.18776126205921173,
    0.14566464722156525,
    0.09597183763980865,
    0.13901539146900177,
    0.1348855197429657,
    0.13804174959659576,
    0.03371639922261238,
    0.11419015377759933,
    0.05062278360128403,
    0.06984280794858932,
    0.12145336717367172,
    0.10133613646030426,
    0.06013182923197746,
    0.07831989228725433,
    0.10844864696264267,
    0.10113738477230072,
    0.06335073709487915,
    0.04037538170814514,
    0.06361875683069229,
    0.1607544869184494,
    0.05176959186792374,
    0.07151307910680771,
    0.11488308012485504,
    0.0871630534529686,
    0.16078661382198334,
    0.0718853622674942,
    0.1101560965180397,
    0.072242371737957,
    0.027725690975785255,
    0.08201126009225845,
    0.18192733824253082,
    0.12894155085086823,
    0.08524652570486069,
    0.0727495402097702,
    0.05141967907547951,
    0.07075156271457672,
    0.0891072079539299,
    0.08503887802362442,
    0.08450750261545181,
    0.03610169515013695,
    0.10006221383810043,
    0.08589718490839005,
    0.08462853729724884,
    0.05385586619377136,
    0.1410033255815506,
    0.05970378220081329,
    0.10254469513893127,
    0.1135120689868927,
    0.04133617877960205,
    0.13305158913135529,
    0.07784470915794373,
    0.13984277844429016,
    0.09279318898916245,
    0.06656230986118317,
    0.045684926211833954,
    0.11935275793075562,
    0.10934872925281525,
    0.07154654711484909,
    0.05195429176092148,
    0.09610871225595474,
    0.12836019694805145,
    0.0755746066570282,
    0.08175086230039597,
    0.09605707228183746,
    0.046570103615522385,
    0.03682922199368477,
    0.06516477465629578,
    0.12092605233192444,
    0.04674625024199486,
    0.13077495992183685,
    0.19853389263153076,
    0.07004021108150482,
    0.0755791962146759,
    0.03187365084886551,
    0.06538033485412598,
    0.05435957387089729,
    0.04749658703804016,
    0.13164454698562622,
    0.06799782067537308,
    0.10061779618263245,
    0.16193683445453644,
    0.08388113975524902,
    0.10150998085737228,
    0.1371336579322815
  ],